id,digimon,modo,aoe_confirmada,build,confianca,base,fontes,revisado
susano_extreme,Susanoomon [Supremacia],FARM,F3 – Lightning of Judgement,F3 25 / F1 15,high,DMO Wiki + patch 27/08/2026,https://dmowiki.com/Susanoomon_%28Extreme%29 | https://ptladmo.gameking.com/News/EventView.aspx?idx=228 | https://ptladmo.gameking.com/News/EventView.aspx?idx=179,2026-09-28 (auditoria de builds v47 — LADMO)
susano_extreme,Susanoomon [Supremacia],DPS,F3 – Lightning of Judgement,F1 24 / F2 11,medium,DMO Wiki atual + rebalance 08/2026,https://dmowiki.com/Susanoomon_%28Extreme%29 | https://ptladmo.gameking.com/News/EventView.aspx?idx=228 | https://ptladmo.gameking.com/News/EventView.aspx?idx=179,2026-09-28 (auditoria de builds v47 — LADMO)
omm,Omegamon - Merciful Mode,FARM,F4 – Garuru Hou (Benevolence),F4 25 / F1 15,high,DMO Wiki atual,https://dmowiki.com/Omegamon_-_Merciful_Mode | https://www.reddit.com/r/DigimonMastersOnline/comments/1vuu1r4/omm/ | https://ptladmo.gameking.com/News/EventView.aspx?idx=228,2026-09-28 (auditoria de builds v47 — LADMO)
omm,Omegamon - Merciful Mode,DPS,F4 – Garuru Hou (Benevolence),F1 25 / F3 8,high,Comunidade 08/2026 + DMO Wiki atual,https://dmowiki.com/Omegamon_-_Merciful_Mode | https://www.reddit.com/r/DigimonMastersOnline/comments/1vuu1r4/omm/ | https://ptladmo.gameking.com/News/EventView.aspx?idx=228,2026-09-28 (auditoria de builds v47 — LADMO)
x7sm,Shoutmon X7 Superior Mode,FARM,Nenhuma confirmada,F2 25 / F1 15,medium,Patch 27/08/2026 + dados atuais,https://dmowiki.com/Shoutmon_X7_Superior_Mode | https://www.reddit.com/r/DigimonMastersOnline/comments/1l31b6z/x7sm_skill_levels_distribution/ | https://www.youtube.com/watch?v=qYHm8FiQVUQ | https://ptladmo.gameking.com/News/EventView.aspx?idx=228,2026-09-28 (auditoria de builds v47 — LADMO)
x7sm,Shoutmon X7 Superior Mode,DPS,Nenhuma confirmada,F2 25 / F3 10,high,Comunidade 06/2026 + valores atuais,https://dmowiki.com/Shoutmon_X7_Superior_Mode | https://www.reddit.com/r/DigimonMastersOnline/comments/1l31b6z/x7sm_skill_levels_distribution/ | https://www.youtube.com/watch?v=qYHm8FiQVUQ | https://ptladmo.gameking.com/News/EventView.aspx?idx=228,2026-09-28 (auditoria de builds v47 — LADMO)
miko,Kuzuhamon - Miko Mode,FARM,F2 – Kongoukai Mandala,F2 25 / F1 3,high,DMO Wiki + patch 27/08/2026,https://dmowiki.com/Kuzuhamon_-_Miko_Mode | https://www.reddit.com/r/DigimonMastersOnline/comments/1ud3egb/skill_distribution_help/ | https://ptladmo.gameking.com/News/EventView.aspx?idx=228,2026-09-28 (auditoria de builds v47 — LADMO)
miko,Kuzuhamon - Miko Mode,DPS,F2 – Kongoukai Mandala,F1 25 / F2 10,high,Comunidade 06/2026 + DMO Wiki atual,https://dmowiki.com/Kuzuhamon_-_Miko_Mode | https://www.reddit.com/r/DigimonMastersOnline/comments/1ud3egb/skill_distribution_help/ | https://ptladmo.gameking.com/News/EventView.aspx?idx=228,2026-09-28 (auditoria de builds v47 — LADMO)
cma,Gallantmon (Crimson Mode) [Despertado],FARM,Nenhuma confirmada,F1 24 / F2 11,medium,Patch 27/08/2026 + custos atuais,https://dmowiki.com/Gallantmon_%28Crimson_Mode%29_%28Awaken%29 | https://www.reddit.com/r/DigimonMastersOnline/comments/1ud3egb/skill_distribution_help/ | https://ptladmo.gameking.com/News/EventView.aspx?idx=228,2026-09-28 (auditoria de builds v47 — LADMO)
cma,Gallantmon (Crimson Mode) [Despertado],DPS,Nenhuma confirmada,F1 24 / F2 11,high,Comunidade 06/2026 + DMO Wiki atual,https://dmowiki.com/Gallantmon_%28Crimson_Mode%29_%28Awaken%29 | https://www.reddit.com/r/DigimonMastersOnline/comments/1ud3egb/skill_distribution_help/ | https://ptladmo.gameking.com/News/EventView.aspx?idx=228,2026-09-28 (auditoria de builds v47 — LADMO)
aoe,Alphamon Ouryuken [Supremacia],FARM,Nenhuma confirmada,F1 25 / F2 15,medium,DMO Wiki + patch 27/08/2026,https://dmowiki.com/Alphamon_Ouryuken_%28Extreme%29 | https://www.reddit.com/r/DigimonMastersOnline/comments/1wnof06/aoe_skill_dist/ | https://ptladmo.gameking.com/News/EventView.aspx?idx=228,2026-09-28 (auditoria de builds v47 — LADMO)
aoe,Alphamon Ouryuken [Supremacia],DPS,Nenhuma confirmada,F1 25 / F2 15,high,Teste comunitário 22/09/2026 + DMO Wiki atual,https://dmowiki.com/Alphamon_Ouryuken_%28Extreme%29 | https://www.reddit.com/r/DigimonMastersOnline/comments/1wnof06/aoe_skill_dist/ | https://ptladmo.gameking.com/News/EventView.aspx?idx=228,2026-09-28 (auditoria de builds v47 — LADMO)
lilith,Lilithmon X [Despertado],FARM,F3 – Abyss Butterfly; F4 – Seventh Fascinate,F4 20,high,DMO Wiki atual,https://dmowiki.com/Lilithmon_%28X-Antibody%29_%28Awaken%29 | https://ptladmo.gameking.com/News/EventView.aspx?idx=228,2026-09-28 (auditoria de builds v47 — LADMO)
lilith,Lilithmon X [Despertado],DPS,F3 – Abyss Butterfly; F4 – Seventh Fascinate,F2 24 / F5 11,high,DMO Wiki — recomendação explícita de distribuição,https://dmowiki.com/Lilithmon_%28X-Antibody%29_%28Awaken%29 | https://ptladmo.gameking.com/News/EventView.aspx?idx=228,2026-09-28 (auditoria de builds v47 — LADMO)
oxe,Omegamon X [Supremacia],FARM,F2 – Garuru Cannon (Extreme),F2 25 / F1 15,high,Patch oficial 27/08/2026,https://dmowiki.com/Omegamon_X_Extreme | https://www.youtube.com/watch?v=nmG6RKUzvdY | https://ptladmo.gameking.com/News/EventView.aspx?idx=228 | https://ptladmo.gameking.com/News/EventView.aspx?idx=204,2026-09-28 (auditoria de builds v47 — LADMO)
oxe,Omegamon X [Supremacia],DPS,F2 – Garuru Cannon (Extreme),F1 25 / F2 15,medium,Valores atuais + cooldowns pós-rebalance,https://dmowiki.com/Omegamon_X_Extreme | https://www.youtube.com/watch?v=nmG6RKUzvdY | https://ptladmo.gameking.com/News/EventView.aspx?idx=228 | https://ptladmo.gameking.com/News/EventView.aspx?idx=204,2026-09-28 (auditoria de builds v47 — LADMO)
apollomon,Apollomon,FARM,F2 – Solar Eruption; F3 – Sol Blaster,F2 25 / F3 10,high,GameKing LADMO 16/07/2026 + DMO Wiki,https://dmowiki.com/Apollomon,2026-09-28 (auditoria de builds v47 — LADMO)
apollomon,Apollomon,DPS,F2 – Solar Eruption; F3 – Sol Blaster,F1 25 / F5 15,medium,DMO Wiki atual — dano por nível/cooldown,https://dmowiki.com/Apollomon,2026-09-28 (auditoria de builds v47 — LADMO)
apollomon_whispered,Apollomon Whispered,FARM,F2 – Arrow of Whispered; F4 – Last Whisper,F2 25 / F4 2,high,GameKing 16/09/2026 — tipos de ataque oficiais,https://dmowiki.com/Apollomon_Whispered,2026-09-28 (auditoria de builds v47 — LADMO)
apollomon_whispered,Apollomon Whispered,DPS,F2 – Arrow of Whispered; F4 – Last Whisper,F3 25 / F1 15,high,DMO Wiki atual — ganho por nível/cooldown,https://dmowiki.com/Apollomon_Whispered,2026-09-28 (auditoria de builds v47 — LADMO)
bloom,BloomLordmon,FARM,F4 – Flower Vine,Dados insuficientes para níveis exatos,medium,DMO Wiki + patch 27/08/2026,https://dmowiki.com/Bloomlordmon | https://ptladmo.gameking.com/News/EventView.aspx?idx=228,2026-09-28 (auditoria de builds v47 — LADMO)
bloom,BloomLordmon,DPS,F4 – Flower Vine,F1 25 / F2 10,medium,DMO Wiki atual + rebalance 08/2026,https://dmowiki.com/Bloomlordmon | https://ptladmo.gameking.com/News/EventView.aspx?idx=228,2026-09-28 (auditoria de builds v47 — LADMO)
eos,Eosmon LV6,FARM,Nenhuma confirmada,F1 25 / F2 10,medium,Patch 27/08/2026 + custos atuais,https://dmowiki.com/Eosmon_LV6 | https://ptladmo.gameking.com/News/EventView.aspx?idx=228,2026-09-28 (auditoria de builds v47 — LADMO)
eos,Eosmon LV6,DPS,Nenhuma confirmada,F1 25 / F2 10,high,DMO Wiki atual,https://dmowiki.com/Eosmon_LV6 | https://ptladmo.gameking.com/News/EventView.aspx?idx=228,2026-09-28 (auditoria de builds v47 — LADMO)
zeed,ZeedMillenniummon [Despertado],FARM,F4 – Destroyer Breath,F4 20,high,DMO Wiki + patch 27/08/2026,https://dmowiki.com/ZeedMillenniummon_%28Awaken%29 | https://ptladmo.gameking.com/News/EventView.aspx?idx=228,2026-09-28 (auditoria de builds v47 — LADMO)
zeed,ZeedMillenniummon [Despertado],DPS,F4 – Destroyer Breath,F1 25 / F2 10,high,DMO Wiki atual + rebalance 08/2026,https://dmowiki.com/ZeedMillenniummon_%28Awaken%29 | https://ptladmo.gameking.com/News/EventView.aspx?idx=228,2026-09-28 (auditoria de builds v47 — LADMO)
ipma,Imperialdramon Paladin Mode [Despertado],FARM,F4 – Heaven's Light,F4 25 / F1 3,high,Dados atuais + patch 27/08/2026,https://dmowiki.com/Imperialdramon_Paladin_Mode_%28Awaken%29 | https://ptladmo.gameking.com/News/EventView.aspx?idx=228,2026-09-28 (auditoria de builds v47 — LADMO)
ipma,Imperialdramon Paladin Mode [Despertado],DPS,F4 – Heaven's Light,F1 24 / F2 11,medium,"DMO Wiki atual — custo, ganho e cooldown",https://dmowiki.com/Imperialdramon_Paladin_Mode_%28Awaken%29 | https://ptladmo.gameking.com/News/EventView.aspx?idx=228,2026-09-28 (auditoria de builds v47 — LADMO)
lucemon,Lucemon: Satan Mode [Supremacia],FARM,F4 – Satan's Fury,F4 25 / F1 3,high,Patch oficial 27/08/2026,https://dmowiki.com/Lucemon%3A_Satan_Mode_%28Extreme%29 | https://ptladmo.gameking.com/News/EventView.aspx?idx=228,2026-09-28 (auditoria de builds v47 — LADMO)
lucemon,Lucemon: Satan Mode [Supremacia],DPS,F4 – Satan's Fury,F1 25 / F2 15,medium,DMO Wiki atual — cooldown + ganho por nível,https://dmowiki.com/Lucemon%3A_Satan_Mode_%28Extreme%29 | https://ptladmo.gameking.com/News/EventView.aspx?idx=228,2026-09-28 (auditoria de builds v47 — LADMO)
kizuna,Last Evolution: Kizuna,FARM,Nenhuma confirmada,F2 25 / F1 10,medium,Patch 27/08/2026 + DMO Wiki atual,https://dmowiki.com/Last_Evolution%3A_Kizuna | https://ptladmo.gameking.com/News/EventView.aspx?idx=228,2026-09-28 (auditoria de builds v47 — LADMO)
kizuna,Last Evolution: Kizuna,DPS,Nenhuma confirmada,F2 25 / F1 10,high,DMO Wiki atual + rebalance 08/2026,https://dmowiki.com/Last_Evolution%3A_Kizuna | https://ptladmo.gameking.com/News/EventView.aspx?idx=228,2026-09-28 (auditoria de builds v47 — LADMO)
goddramon,Goddramon,FARM,F2 – God Flame,F2 25 / F1 3,high,DMO Wiki atual,https://dmowiki.com/Goddramon,2026-09-28 (auditoria de builds v47 — LADMO)
goddramon,Goddramon,DPS,F2 – God Flame,F1 25 / F2 10,medium,DMO Wiki atual — cooldown/ganho,https://dmowiki.com/Goddramon,2026-09-28 (auditoria de builds v47 — LADMO)
holydramon,Holydramon [Despertado],FARM,Nenhuma confirmada,F1 25 / F2 8,medium,DMO Wiki atual,https://dmowiki.com/Holydramon_%28Awaken%29,2026-09-28 (auditoria de builds v47 — LADMO)
holydramon,Holydramon [Despertado],DPS,Nenhuma confirmada,F1 25 / F2 8,medium,DMO Wiki atual — cooldown/ganho,https://dmowiki.com/Holydramon_%28Awaken%29,2026-09-28 (auditoria de builds v47 — LADMO)
abbadomon_core,Abbadomon Core,FARM,Nenhuma confirmada,F1 25 / F2 10,medium,DMO Wiki + patch 27/08/2026,https://dmowiki.com/Abbadomon_Core | https://ptladmo.gameking.com/News/EventView.aspx?idx=228,2026-09-28 (auditoria de builds v47 — LADMO)
abbadomon_core,Abbadomon Core,DPS,Nenhuma confirmada,F1 25 / F2 10,high,DMO Wiki atual — tabela completa de dano/cooldown,https://dmowiki.com/Abbadomon_Core | https://ptladmo.gameking.com/News/EventView.aspx?idx=228,2026-09-28 (auditoria de builds v47 — LADMO)
abbadomon,Abbadomon,FARM,Nenhuma confirmada,F1 25 / F2 10,medium,DMO Wiki + GameKing (lançamento do Abbadomon); nenhuma skill com tipo AoE confirmado,https://dmowiki.com/Abbadomon,2026-09-28 (auditoria de builds v47 — LADMO)
abbadomon,Abbadomon,DPS,Nenhuma confirmada,F1 25 / F2 10,high,DMO Wiki atual — tabela completa de dano/cooldown,https://dmowiki.com/Abbadomon,2026-09-28 (auditoria de builds v47 — LADMO)
done,DoneDevimon,FARM,Nenhuma confirmada,Dados insuficientes para níveis exatos,review,DMO Wiki — custos de pontos ausentes,https://dmowiki.com/DoneDevimon | https://ptladmo.gameking.com/News/EventView.aspx?idx=228,2026-09-28 (auditoria de builds v47 — LADMO)
done,DoneDevimon,DPS,Nenhuma confirmada,Dados insuficientes para níveis exatos,review,DMO Wiki atual — custos por upgrade ainda não publicados,https://dmowiki.com/DoneDevimon | https://ptladmo.gameking.com/News/EventView.aspx?idx=228,2026-09-28 (auditoria de builds v47 — LADMO)
quantumon,Quantumon,FARM,Nenhuma confirmada,Dados insuficientes para níveis exatos,review,Patch 27/08/2026 — custos/cooldowns ausentes,https://ptladmo.gameking.com/News/EventView.aspx?idx=214 | https://ptladmo.gameking.com/News/EventView.aspx?idx=228,2026-09-28 (auditoria de builds v47 — LADMO)
quantumon,Quantumon,DPS,Nenhuma confirmada,Dados insuficientes para níveis exatos,review,GameKing 05/2026 + rebalance 08/2026; custos por upgrade não confirmados,https://ptladmo.gameking.com/News/EventView.aspx?idx=214 | https://ptladmo.gameking.com/News/EventView.aspx?idx=228,2026-09-28 (auditoria de builds v47 — LADMO)
